{"stats":{"minecraft:crafted":{"minecraft:ender_chest":1,"minecraft:smooth_stone":3,"minecraft:oak_planks":376,"minecraft:oak_sign":3,"minecraft:oak_pressure_plate":2,"minecraft:blaze_powder":14,"minecraft:stone":6,"minecraft:bookshelf":18,"minecraft:glass":91,"minecraft:diamond_helmet":3,"minecraft:bow":1,"minecraft:diamond_leggings":2,"minecraft:iron_boots":1,"minecraft:beacon":1,"minecraft:stone_pressure_plate":1,"minecraft:chest":23,"minecraft:iron_door":3,"minecraft:ender_eye":14,"minecraft:golden_boots":1,"minecraft:oak_slab":24,"minecraft:emerald":196,"minecraft:arrow":64,"minecraft:diamond_axe":2,"minecraft:crafting_table":2,"minecraft:wooden_pickaxe":1,"minecraft:iron_helmet":1,"minecraft:iron_chestplate":2,"minecraft:book":39,"minecraft:paper":42,"minecraft:diamond_pickaxe":2,"minecraft:stick":44,"minecraft:stone_slab":6,"minecraft:iron_ingot":6,"minecraft:iron_pickaxe":4,"minecraft:iron_block":63,"minecraft:gold_ingot":67,"minecraft:stone_shovel":20,"minecraft:netherite_sword":1,"minecraft:furnace":3,"minecraft:glass_pane":32,"minecraft:ender_pearl":10,"minecraft:stone_pickaxe":43,"minecraft:diamond_boots":2,"minecraft:crossbow":2,"minecraft:netherite_pickaxe":1,"minecraft:diamond_sword":2,"minecraft:enchanting_table":1,"minecraft:leather_helmet":1,"minecraft:bucket":1,"minecraft:stone_axe":1,"minecraft:enchanted_book":3,"minecraft:air":0,"minecraft:white_wool":32,"minecraft:fermented_spider_eye":19,"minecraft:wooden_axe":1,"minecraft:oak_stairs":4,"minecraft:iron_leggings":2,"minecraft:white_bed":11,"minecraft:acacia_planks":12,"minecraft:torch":128,"minecraft:lapis_lazuli":4,"minecraft:diamond_chestplate":2},"minecraft:broken":{"minecraft:golden_boots":1,"minecraft:leather_leggings":1,"minecraft:golden_leggings":1,"minecraft:diamond_pickaxe":1},"minecraft:custom":{"minecraft:interact_with_crafting_table":129,"minecraft:open_barrel":12,"minecraft:bell_ring":1,"minecraft:leave_game":66,"minecraft:time_since_death":24495,"minecraft:sprint_one_cm":4614994,"minecraft:damage_blocked_by_shield":5188,"minecraft:drop":561,"minecraft:play_noteblock":3,"minecraft:talked_to_villager":200,"minecraft:play_time":2128172,"minecraft:deaths":75,"minecraft:jump":17675,"minecraft:interact_with_brewingstand":38,"minecraft:walk_on_water_one_cm":341221,"minecraft:enchant_item":8,"minecraft:interact_with_furnace":95,"minecraft:play_record":21,"minecraft:traded_with_villager":297,"minecraft:interact_with_cartography_table":1,"minecraft:sleep_in_bed":50,"minecraft:open_enderchest":36,"minecraft:damage_dealt":37771,"minecraft:interact_with_beacon":19,"minecraft:crouch_one_cm":46344,"minecraft:interact_with_smithing_table":15,"minecraft:inspect_dispenser":11,"minecraft:use_cauldron":1,"minecraft:inspect_dropper":15,"minecraft:interact_with_anvil":37,"minecraft:mob_kills":235,"minecraft:inspect_hopper":89,"minecraft:climb_one_cm":86161,"minecraft:walk_one_cm":3568456,"minecraft:sneak_time":45171,"minecraft:walk_under_water_one_cm":750757,"minecraft:boat_one_cm":82048,"minecraft:interact_with_lectern":6,"minecraft:interact_with_blast_furnace":3,"minecraft:total_world_time":2128172,"minecraft:tune_noteblock":2,"minecraft:pot_flower":2,"minecraft:interact_with_stonecutter":2,"minecraft:interact_with_grindstone":4,"minecraft:time_since_rest":24523,"minecraft:damage_taken":26066,"minecraft:trigger_trapped_chest":48,"minecraft:minecart_one_cm":6042,"minecraft:swim_one_cm":205855,"minecraft:fly_one_cm":4188029,"minecraft:open_chest":689,"minecraft:aviate_one_cm":2280613,"minecraft:fall_one_cm":440820},"minecraft:picked_up":{"minecraft:nether_brick_fence":2,"minecraft:stone_slab":14,"minecraft:lead":1,"minecraft:diamond_sword":8,"minecraft:oak_stairs":12,"minecraft:potion":7,"minecraft:enchanted_book":107,"minecraft:nether_brick":36,"minecraft:polished_blackstone_brick_stairs":3,"minecraft:string":3124,"minecraft:raw_copper":50,"minecraft:sticky_piston":4,"minecraft:netherite_ingot":3,"minecraft:oak_sign":14,"minecraft:gold_nugget":8,"minecraft:cobbled_deepslate":94,"minecraft:comparator":8,"minecraft:bucket":7,"minecraft:trial_key":15,"minecraft:rose_bush":2,"minecraft:redstone_torch":1,"minecraft:ender_eye":11,"minecraft:azalea":2,"minecraft:netherite_upgrade_smithing_template":1,"minecraft:iron_pickaxe":1,"minecraft:iron_boots":2,"minecraft:furnace":1,"minecraft:stick":8,"minecraft:oak_fence":3,"minecraft:torch":51,"minecraft:acacia_log":10,"minecraft:porkchop":14,"minecraft:diorite":33,"minecraft:nether_gold_ore":2,"minecraft:rotten_flesh":47,"minecraft:iron_block":93,"minecraft:carved_pumpkin":3,"minecraft:blaze_rod":6,"minecraft:obsidian":32,"minecraft:cobblestone":654,"minecraft:magma_block":5,"minecraft:lilac":2,"minecraft:repeater":7,"minecraft:iron_door":3,"minecraft:water_bucket":3,"minecraft:andesite":6,"minecraft:beacon":2,"minecraft:potato":7,"minecraft:flint":2,"minecraft:tuff":3,"minecraft:wither_skeleton_skull":3,"minecraft:lapis_lazuli":47,"minecraft:dirt":684,"minecraft:lantern":4,"minecraft:glass":4,"minecraft:bone":43,"minecraft:bow":4,"minecraft:wheat_seeds":54,"minecraft:raw_gold":27,"minecraft:bolt_armor_trim_smithing_template":1,"minecraft:moss_block":1,"minecraft:oak_planks":10,"minecraft:oak_pressure_plate":7,"minecraft:poisonous_potato":3,"minecraft:sand":66,"minecraft:spectral_arrow":39,"minecraft:barrel":3,"minecraft:dispenser":6,"minecraft:diamond":20,"minecraft:slime_block":14,"minecraft:lever":32,"minecraft:writable_book":2,"minecraft:cracked_polished_blackstone_bricks":2,"minecraft:granite":4,"minecraft:golden_apple":1,"minecraft:spruce_button":10,"minecraft:emerald":81,"minecraft:bread":60,"minecraft:music_disc_precipice":20,"minecraft:oak_sapling":3,"minecraft:netherrack":1424,"minecraft:nether_star":1,"minecraft:crimson_roots":54,"minecraft:diamond_pickaxe":2,"minecraft:blaze_spawn_egg":6,"minecraft:music_disc_5":7,"minecraft:charcoal":17,"minecraft:crafting_table":11,"minecraft:ladder":7,"minecraft:nether_wart":13,"minecraft:clay_ball":20,"minecraft:leather_leggings":1,"minecraft:gold_block":10,"minecraft:shield":4,"minecraft:oak_trapdoor":2,"minecraft:elytra":1,"minecraft:item_frame":1,"minecraft:white_carpet":176,"minecraft:iron_shovel":4,"minecraft:blackstone":105,"minecraft:beef":17,"minecraft:oak_boat":265,"minecraft:observer":8,"minecraft:poppy":9,"minecraft:lectern":7,"minecraft:sugar_cane":122,"minecraft:chest":27,"minecraft:birch_sapling":1,"minecraft:egg":4,"minecraft:raw_iron":22,"minecraft:end_stone":29,"minecraft:stone":6,"minecraft:oak_door":2,"minecraft:note_block":1,"minecraft:fire_charge":4,"minecraft:polished_blackstone_bricks":15,"minecraft:stone_button":3,"minecraft:music_disc_11":6,"minecraft:carrot":12,"minecraft:redstone":96,"minecraft:netherite_pickaxe":2,"minecraft:tnt":3,"minecraft:arrow":32,"minecraft:diamond_chestplate":1,"minecraft:cooked_cod":1,"minecraft:nether_bricks":39,"minecraft:hay_block":3,"minecraft:gold_ingot":121,"minecraft:mutton":2,"minecraft:rail":3,"minecraft:white_wool":4,"minecraft:oxeye_daisy":3,"minecraft:basalt":1,"minecraft:crimson_stem":6,"minecraft:leather":39,"minecraft:crimson_fungus":1,"minecraft:oak_log":28,"minecraft:ancient_debris":1,"minecraft:yellow_bed":4,"minecraft:cobblestone_wall":1,"minecraft:nether_wart_block":8,"minecraft:gunpowder":53,"minecraft:iron_ingot":57,"minecraft:music_disc_far":6,"minecraft:stone_pickaxe":10,"minecraft:cooked_chicken":1,"minecraft:soul_sand":40,"minecraft:book":19,"minecraft:scaffolding":171,"minecraft:oak_slab":12,"minecraft:nether_quartz_ore":2,"minecraft:pumpkin":2,"minecraft:quartz":11,"minecraft:dandelion":7,"minecraft:gravel":143,"minecraft:lava_bucket":2,"minecraft:white_bed":24,"minecraft:crying_obsidian":19,"minecraft:green_carpet":2,"minecraft:spider_eye":1,"minecraft:dragon_egg":1,"minecraft:diamond_shovel":1,"minecraft:painting":1,"minecraft:oak_button":24,"minecraft:baked_potato":1,"minecraft:coal":152,"minecraft:hopper":15,"minecraft:ender_pearl":5},"minecraft:killed_by":{"minecraft:zombified_piglin":1,"minecraft:piglin_brute":2,"minecraft:piglin":3,"minecraft:zombie":3,"minecraft:enderman":3,"minecraft:iron_golem":2,"minecraft:ender_dragon":4,"minecraft:skeleton":2,"minecraft:wither":1},"minecraft:mined":{"minecraft:large_amethyst_bud":1,"minecraft:white_bed":13,"minecraft:obsidian":11,"minecraft:carved_pumpkin":3,"minecraft:granite":3,"minecraft:acacia_log":10,"minecraft:grass_block":309,"minecraft:cracked_polished_blackstone_bricks":6,"minecraft:oak_pressure_plate":3,"minecraft:crimson_fungus":1,"minecraft:hopper":14,"minecraft:oak_wall_sign":3,"minecraft:nether_wart":4,"minecraft:tuff_bricks":2,"minecraft:spawner":4,"minecraft:weeping_vines_plant":1,"minecraft:polished_blackstone_bricks":18,"minecraft:tall_seagrass":1,"minecraft:magma_block":32,"minecraft:iron_ore":14,"minecraft:sticky_piston":4,"minecraft:fire":34,"minecraft:polished_tuff":2,"minecraft:pumpkin":1,"minecraft:deepslate_lapis_ore":6,"minecraft:oak_sign":4,"minecraft:dirt_path":28,"minecraft:iron_bars":1,"minecraft:oak_stairs":13,"minecraft:azalea":1,"minecraft:iron_block":93,"minecraft:deepslate_redstone_ore":17,"minecraft:blackstone":26,"minecraft:crimson_nylium":39,"minecraft:powder_snow":49,"minecraft:clay":5,"minecraft:torch":3,"minecraft:note_block":1,"minecraft:beacon":2,"minecraft:chest":28,"minecraft:glass":20,"minecraft:nether_quartz_ore":1,"minecraft:cobblestone":129,"minecraft:slime_block":10,"minecraft:oak_planks":1,"minecraft:sugar_cane":66,"minecraft:iron_door":9,"minecraft:wall_torch":13,"minecraft:amethyst_block":1,"minecraft:repeater":7,"minecraft:nether_wart_block":9,"minecraft:tnt":3,"minecraft:oak_log":27,"minecraft:sand":59,"minecraft:dirt":271,"minecraft:wither_skeleton_skull":3,"minecraft:dispenser":5,"minecraft:ancient_debris":1,"minecraft:netherrack":2008,"minecraft:deepslate":72,"minecraft:oak_leaves":17,"minecraft:nether_gold_ore":4,"minecraft:tuff":2,"minecraft:deepslate_diamond_ore":22,"minecraft:oak_door":2,"minecraft:end_stone":26,"minecraft:nether_bricks":40,"minecraft:lever":3,"minecraft:ladder":2,"minecraft:stone_button":1,"minecraft:crimson_roots":23,"minecraft:weeping_vines":1,"minecraft:redstone_wire":16,"minecraft:moss_block":1,"minecraft:crimson_stem":4,"minecraft:hay_block":2,"minecraft:oak_trapdoor":2,"minecraft:furnace":1,"minecraft:waxed_copper_grate":2,"minecraft:andesite":10,"minecraft:gold_block":10,"minecraft:nether_brick_fence":2,"minecraft:bookshelf":5,"minecraft:deepslate_iron_ore":9,"minecraft:stone":538,"minecraft:white_wool":1,"minecraft:cake":1,"minecraft:ender_chest":1,"minecraft:oak_slab":10,"minecraft:acacia_leaves":3,"minecraft:scaffolding":6,"minecraft:glass_pane":2,"minecraft:comparator":6,"minecraft:soul_sand":4,"minecraft:infested_stone_bricks":1,"minecraft:basalt":2,"minecraft:observer":4,"minecraft:oak_fence":3,"minecraft:crafting_table":10,"minecraft:short_grass":333,"minecraft:rose_bush":2,"minecraft:lectern":7,"minecraft:stone_slab":16,"minecraft:copper_ore":9,"minecraft:tall_grass":25,"minecraft:lapis_ore":2,"minecraft:deepslate_gold_ore":14,"minecraft:diorite":26,"minecraft:cobblestone_wall":1,"minecraft:birch_leaves":1,"minecraft:bee_nest":1,"minecraft:yellow_bed":4,"minecraft:coal_ore":70,"minecraft:flower_pot":2,"minecraft:gravel":8,"minecraft:cobweb":42,"minecraft:oak_button":17,"minecraft:stone_bricks":1,"minecraft:gold_ore":1},"minecraft:killed":{"minecraft:zombified_piglin":6,"minecraft:spider":10,"minecraft:cod":1,"minecraft:skeleton":38,"minecraft:bee":1,"minecraft:chicken":1,"minecraft:silverfish":1,"minecraft:piglin_brute":6,"minecraft:magma_cube":7,"minecraft:piglin":21,"minecraft:pig":3,"minecraft:iron_golem":10,"minecraft:creeper":4,"minecraft:sheep":2,"minecraft:trader_llama":2,"minecraft:zombie":41,"minecraft:blaze":9,"minecraft:cow":9,"minecraft:slime":29,"minecraft:bat":1,"minecraft:wandering_trader":1,"minecraft:hoglin":3,"minecraft:breeze":1,"minecraft:wither_skeleton":1,"minecraft:villager":7},"minecraft:used":{"minecraft:writable_book":6,"minecraft:suspicious_sand":1,"minecraft:iron_shovel":220,"minecraft:dead_horn_coral_block":3,"minecraft:dispenser":13,"minecraft:dead_tube_coral_fan":1,"minecraft:elytra":3,"minecraft:ladder":97,"minecraft:oak_sign":85,"minecraft:white_concrete_powder":1,"minecraft:chest":131,"minecraft:shield":218,"minecraft:stone":222,"minecraft:nether_wart":4,"minecraft:zombie_spawn_egg":3,"minecraft:soul_sand":11,"minecraft:skeleton_spawn_egg":1,"minecraft:nether_bricks":14,"minecraft:acacia_button":3,"minecraft:obsidian":16,"minecraft:glass":293,"minecraft:lava_bucket":319,"minecraft:villager_spawn_egg":6,"minecraft:item_frame":14,"minecraft:bedrock":1143,"minecraft:repeater":23,"minecraft:bow":1,"minecraft:scaffolding":322,"minecraft:furnace":4,"minecraft:pearlescent_froglight":1,"minecraft:stripped_spruce_wood":2,"minecraft:diorite":10,"minecraft:oak_planks":51,"minecraft:dropper":3,"minecraft:wither_skeleton_skull":6,"minecraft:stone_pickaxe":57,"minecraft:ender_pearl":3,"minecraft:blackstone":4,"minecraft:wooden_pickaxe":11,"minecraft:diamond_axe":214,"minecraft:white_wool":1,"minecraft:sand":28,"minecraft:crossbow":72,"minecraft:ochre_froglight":8,"minecraft:note_block":1,"minecraft:end_stone":12,"minecraft:redstone_torch":21,"minecraft:dead_fire_coral_fan":2,"minecraft:sticky_piston":34,"minecraft:lever":71,"minecraft:crying_obsidian":3,"minecraft:stone_button":5,"minecraft:bread":177,"minecraft:verdant_froglight":2,"minecraft:lectern":16,"minecraft:oak_pressure_plate":11,"minecraft:iron_door":8,"minecraft:gravel":1,"minecraft:nether_wart_block":1,"minecraft:diamond_sword":956,"minecraft:fire_charge":6,"minecraft:dead_horn_coral_fan":3,"minecraft:oak_fence":25,"minecraft:oak_trapdoor":11,"minecraft:oak_boat":12,"minecraft:netherite_sword":328,"minecraft:enchanting_table":1,"minecraft:flint_and_steel":4,"minecraft:carved_pumpkin":5,"minecraft:stone_shovel":76,"minecraft:redstone":118,"minecraft:ender_chest":2,"minecraft:stone_hoe":1,"minecraft:trial_key":5,"minecraft:netherrack":944,"minecraft:torch":335,"minecraft:dragon_egg":2,"minecraft:brewing_stand":2,"minecraft:dirt":1945,"minecraft:anvil":6,"minecraft:white_carpet":113,"minecraft:hopper":131,"minecraft:cobblestone_wall":190,"minecraft:oak_wood":25,"minecraft:oak_fence_gate":4,"minecraft:wooden_axe":36,"minecraft:bookshelf":2,"minecraft:rooted_dirt":22,"minecraft:iron_block":265,"minecraft:oak_stairs":83,"minecraft:spruce_button":21,"minecraft:slime_block":98,"minecraft:spawner":4,"minecraft:barrel":14,"minecraft:blaze_spawn_egg":1,"minecraft:netherite_pickaxe":840,"minecraft:minecart":5,"minecraft:trapped_chest":5,"minecraft:observer":48,"minecraft:cobbled_deepslate":6,"minecraft:water_bucket":166,"minecraft:cobblestone_stairs":5,"minecraft:glass_bottle":17,"minecraft:beacon":3,"minecraft:fletching_table":20,"minecraft:tnt":43,"minecraft:rail":5,"minecraft:comparator":24,"minecraft:crafting_table":14,"minecraft:oak_slab":143,"minecraft:white_bed":66,"minecraft:painting":9,"minecraft:piston":15,"minecraft:flower_pot":2,"minecraft:ender_eye":33,"minecraft:diamond_pickaxe":2548,"minecraft:diamond_shovel":1130,"minecraft:command_block":3,"minecraft:oak_button":29,"minecraft:iron_pickaxe":94,"minecraft:spruce_pressure_plate":4,"minecraft:stone_slab":178,"minecraft:spruce_trapdoor":4,"minecraft:stone_axe":88,"minecraft:green_carpet":5,"minecraft:cobblestone":562,"minecraft:potion":4,"minecraft:bucket":283,"minecraft:glass_pane":73,"minecraft:repeating_command_block":1,"minecraft:yellow_bed":4,"minecraft:splash_potion":9,"minecraft:smooth_stone":451},"minecraft:dropped":{"minecraft:crimson_stem":6,"minecraft:soul_sand":4,"minecraft:moss_block":1,"minecraft:porkchop":4,"minecraft:lapis_lazuli":16,"minecraft:oak_pressure_plate":3,"minecraft:baked_potato":1,"minecraft:ender_pearl":32,"minecraft:crafting_table":1,"minecraft:rooted_dirt":1,"minecraft:leather":7,"minecraft:elytra":2,"minecraft:rail":5,"minecraft:emerald":15,"minecraft:cracked_polished_blackstone_bricks":1,"minecraft:dirt":127,"minecraft:dispenser":1,"minecraft:mutton":1,"minecraft:crimson_roots":30,"minecraft:blaze_spawn_egg":5,"minecraft:gold_nugget":6,"minecraft:writable_book":1,"minecraft:sand":23,"minecraft:white_wool":2,"minecraft:gold_ingot":102,"minecraft:gravel":115,"minecraft:crimson_fungus":1,"minecraft:blackstone":63,"minecraft:sugar_cane":8,"minecraft:lever":2,"minecraft:golden_chestplate":1,"minecraft:cobbled_deepslate":16,"minecraft:nether_brick":12,"minecraft:birch_sapling":1,"minecraft:obsidian":10,"minecraft:music_disc_5":1,"minecraft:rotten_flesh":18,"minecraft:oak_planks":83,"minecraft:diamond_shovel":1,"minecraft:blaze_powder":1,"minecraft:white_bed":20,"minecraft:carrot":8,"minecraft:poppy":3,"minecraft:gunpowder":59,"minecraft:ochre_froglight":1,"minecraft:charcoal":14,"minecraft:hopper":2,"minecraft:azalea":2,"minecraft:arrow":2,"minecraft:glass":24,"minecraft:beef":17,"minecraft:crying_obsidian":8,"minecraft:scaffolding":32,"minecraft:splash_potion":1,"minecraft:netherrack":233,"minecraft:spawner":5,"minecraft:water_bucket":6,"minecraft:enchanted_book":105,"minecraft:golden_boots":1,"minecraft:iron_ingot":43,"minecraft:bread":44,"minecraft:oak_slab":4,"minecraft:netherite_pickaxe":2,"minecraft:wheat_seeds":22,"minecraft:tnt":72,"minecraft:minecart":1,"minecraft:bookshelf":16,"minecraft:poisonous_potato":1,"minecraft:oak_fence":1,"minecraft:cobblestone":69,"minecraft:lead":1,"minecraft:book":1,"minecraft:observer":3,"minecraft:spruce_button":1,"minecraft:oxeye_daisy":1,"minecraft:lava_bucket":1,"minecraft:diorite":23,"minecraft:torch":46,"minecraft:nether_wart_block":6,"minecraft:rose_bush":2,"minecraft:diamond_helmet":1,"minecraft:fire_charge":1,"minecraft:potion":4,"minecraft:oak_stairs":1,"minecraft:iron_shovel":6,"minecraft:paper":7,"minecraft:string":90,"minecraft:trapped_chest":1,"minecraft:bucket":9,"minecraft:dandelion":1,"minecraft:redstone":1,"minecraft:anvil":1,"minecraft:oak_trapdoor":2,"minecraft:nether_wart":17,"minecraft:raw_copper":40,"minecraft:sticky_piston":2,"minecraft:tuff":1,"minecraft:raw_iron":1,"minecraft:white_carpet":101,"minecraft:comparator":1,"minecraft:slime_block":3,"minecraft:stone_slab":1,"minecraft:skeleton_spawn_egg":1,"minecraft:nether_bricks":4,"minecraft:oak_sign":4,"minecraft:glass_pane":16,"minecraft:diamond_sword":8,"minecraft:hay_block":3,"minecraft:stone":5,"minecraft:shield":1,"minecraft:trial_key":10,"minecraft:oak_button":34,"minecraft:diamond_chestplate":1,"minecraft:diamond_pickaxe":1,"minecraft:oak_sapling":3,"minecraft:oak_boat":2,"minecraft:bow":4,"minecraft:magma_block":4}},"DataVersion":3955}