{"stats":{"minecraft:picked_up":{"minecraft:flower_pot":1,"minecraft:diamond_sword":5,"minecraft:stone_slab":1,"minecraft:smithing_table":1,"minecraft:lead":4,"minecraft:oak_stairs":28,"minecraft:enchanted_book":2,"minecraft:brewing_stand":5,"minecraft:golden_sword":2,"minecraft:amethyst_block":189,"minecraft:string":10727,"minecraft:pufferfish":1,"minecraft:beetroot":3,"minecraft:diamond_leggings":1,"minecraft:gold_nugget":24,"minecraft:cobbled_deepslate":104,"minecraft:trial_key":25,"minecraft:netherite_upgrade_smithing_template":1,"minecraft:enchanted_golden_apple":1,"minecraft:jukebox":1,"minecraft:composter":7,"minecraft:big_dripleaf":12,"minecraft:acacia_log":7,"minecraft:waxed_copper_grate":7,"minecraft:cauldron":13,"minecraft:honey_bottle":3,"minecraft:armadillo_scute":1,"minecraft:bookshelf":16,"minecraft:blaze_rod":14,"minecraft:birch_log":216,"minecraft:magma_block":1,"minecraft:feather":2,"minecraft:iron_door":17,"minecraft:water_bucket":1,"minecraft:flint":12,"minecraft:twisting_vines":30,"minecraft:chipped_anvil":1,"minecraft:stonecutter":3,"minecraft:guster_banner_pattern":1,"minecraft:diamond_helmet":1,"minecraft:glowstone_dust":2,"minecraft:moss_block":36,"minecraft:ink_sac":4,"minecraft:trapped_chest":2,"minecraft:barrel":5,"minecraft:deepslate":12,"minecraft:lever":4,"minecraft:deepslate_gold_ore":4,"minecraft:granite":28,"minecraft:bread":43,"minecraft:music_disc_precipice":18,"minecraft:crimson_roots":21,"minecraft:diamond_pickaxe":1,"minecraft:music_disc_5":3,"minecraft:crafting_table":19,"minecraft:ominous_bottle":1,"minecraft:nether_wart":263,"minecraft:wind_charge":12,"minecraft:elytra":2,"minecraft:white_carpet":5,"minecraft:cartography_table":1,"minecraft:deepslate_diamond_ore":54,"minecraft:poppy":3,"minecraft:iron_nugget":13,"minecraft:guster_pottery_sherd":1,"minecraft:chest":5,"minecraft:birch_sapling":33,"minecraft:egg":4,"minecraft:copper_ore":10,"minecraft:stone":464,"minecraft:oak_door":9,"minecraft:amethyst_cluster":34,"minecraft:fire_charge":1,"minecraft:carrot":315,"minecraft:redstone":113,"minecraft:tnt":42,"minecraft:diamond_chestplate":3,"minecraft:beetroot_seeds":14,"minecraft:peony":18,"minecraft:diamond_boots":1,"minecraft:hay_block":133,"minecraft:tuff_bricks":47,"minecraft:glow_berries":65,"minecraft:rail":4,"minecraft:white_wool":3,"minecraft:lapis_ore":4,"minecraft:stripped_oak_log":32,"minecraft:tripwire_hook":2,"minecraft:oak_log":672,"minecraft:ancient_debris":8,"minecraft:paper":2,"minecraft:apple":7,"minecraft:kelp":61,"minecraft:spore_blossom":2,"minecraft:oak_fence_gate":1,"minecraft:music_disc_far":6,"minecraft:cobweb":37,"minecraft:glass_bottle":7,"minecraft:flowering_azalea":13,"minecraft:smooth_basalt":6,"minecraft:gravel":227,"minecraft:crying_obsidian":3,"minecraft:dragon_egg":1,"minecraft:polished_tuff":4,"minecraft:leather_helmet":1,"minecraft:slime_ball":74,"minecraft:stone_axe":2,"minecraft:painting":71,"minecraft:warped_roots":1,"minecraft:oak_button":7,"minecraft:baked_potato":1,"minecraft:crimson_nylium":2,"minecraft:hopper":14,"minecraft:ender_pearl":6,"minecraft:wheat":23,"minecraft:nether_brick_fence":8,"minecraft:potion":10,"minecraft:nether_brick":3,"minecraft:waxed_cut_copper_slab":2,"minecraft:raw_copper":69,"minecraft:deepslate_lapis_ore":16,"minecraft:oak_sign":6,"minecraft:comparator":2,"minecraft:bucket":1,"minecraft:rose_bush":30,"minecraft:azalea":4,"minecraft:calcite":22,"minecraft:iron_pickaxe":1,"minecraft:deepslate_iron_ore":1,"minecraft:furnace":3,"minecraft:tipped_arrow":7,"minecraft:stick":57,"minecraft:oak_fence":12,"minecraft:torch":69,"minecraft:diorite":42,"minecraft:nether_gold_ore":84,"minecraft:rotten_flesh":47,"minecraft:obsidian":18,"minecraft:cod":24,"minecraft:blaze_powder":15,"minecraft:cobblestone":885,"minecraft:enchanting_table":1,"minecraft:lilac":15,"minecraft:magma_cream":3,"minecraft:andesite":186,"minecraft:potato":1051,"minecraft:tuff":9,"minecraft:lapis_lazuli":130,"minecraft:dirt":654,"minecraft:leather_boots":1,"minecraft:glass":16,"minecraft:bone":43,"minecraft:bow":11,"minecraft:wheat_seeds":195,"minecraft:raw_gold":84,"minecraft:bolt_armor_trim_smithing_template":2,"minecraft:fletching_table":3,"minecraft:oak_planks":147,"minecraft:stone_hoe":1,"minecraft:cooked_porkchop":20,"minecraft:oak_pressure_plate":6,"minecraft:poisonous_potato":4,"minecraft:waxed_chiseled_copper":2,"minecraft:sand":127,"minecraft:grass_block":1,"minecraft:spectral_arrow":29,"minecraft:diamond":171,"minecraft:cracked_polished_blackstone_bricks":31,"minecraft:crossbow":2,"minecraft:breeze_rod":5,"minecraft:golden_apple":2,"minecraft:emerald":33,"minecraft:oak_sapling":102,"minecraft:netherrack":3554,"minecraft:charcoal":24,"minecraft:waxed_oxidized_cut_copper":2,"minecraft:splash_potion":1,"minecraft:brown_mushroom":19,"minecraft:gold_block":10,"minecraft:brick":7,"minecraft:shield":5,"minecraft:oak_trapdoor":14,"minecraft:moss_carpet":6,"minecraft:iron_axe":14,"minecraft:item_frame":3,"minecraft:blackstone":98,"minecraft:oak_boat":23,"minecraft:light_gray_wool":1,"minecraft:lectern":112,"minecraft:sugar_cane":613,"minecraft:raw_iron":156,"minecraft:end_stone":2,"minecraft:bowl":2,"minecraft:polished_blackstone_bricks":52,"minecraft:music_disc_11":8,"minecraft:weeping_vines":1,"minecraft:arrow":236,"minecraft:nether_bricks":31,"minecraft:glow_ink_sac":1,"minecraft:basalt":2,"minecraft:golden_carrot":1,"minecraft:salmon":9,"minecraft:leather":14,"minecraft:crimson_fungus":1,"minecraft:waxed_copper_block":24,"minecraft:yellow_bed":2,"minecraft:nether_wart_block":2,"minecraft:gunpowder":3,"minecraft:cobblestone_stairs":2,"minecraft:iron_ingot":25,"minecraft:cooked_chicken":1,"minecraft:soul_sand":71,"minecraft:acacia_sapling":3,"minecraft:book":7,"minecraft:scaffolding":10,"minecraft:oak_slab":71,"minecraft:warped_fungus":18,"minecraft:nether_quartz_ore":41,"minecraft:birch_boat":4,"minecraft:quartz":14,"minecraft:dandelion":2,"minecraft:amethyst_shard":36,"minecraft:blast_furnace":1,"minecraft:white_bed":17,"minecraft:gold_ore":4,"minecraft:spider_eye":15,"minecraft:chiseled_tuff_bricks":2,"minecraft:coal":112},"minecraft:killed":{"minecraft:cave_spider":3,"minecraft:skeleton":82,"minecraft:chicken":1,"minecraft:magma_cube":31,"minecraft:iron_golem":1,"minecraft:zombie":55,"minecraft:glow_squid":1,"minecraft:wandering_trader":2,"minecraft:breeze":3,"minecraft:enderman":2,"minecraft:zombified_piglin":24,"minecraft:witch":1,"minecraft:spider":28,"minecraft:piglin_brute":6,"minecraft:piglin":29,"minecraft:zombie_villager":2,"minecraft:creeper":5,"minecraft:trader_llama":4,"minecraft:stray":4,"minecraft:blaze":23,"minecraft:slime":73,"minecraft:bat":1,"minecraft:hoglin":11,"minecraft:squid":1,"minecraft:wither_skeleton":4,"minecraft:villager":4},"minecraft:used":{"minecraft:peony":18,"minecraft:tuff_bricks":30,"minecraft:nether_brick_fence":1,"minecraft:poppy":1,"minecraft:chest":11,"minecraft:stone":86,"minecraft:rotten_flesh":2,"minecraft:soul_sand":45,"minecraft:lava_bucket":14,"minecraft:grass_block":1,"minecraft:furnace":7,"minecraft:oak_sapling":101,"minecraft:egg":6,"minecraft:potato":295,"minecraft:diorite":16,"minecraft:leather_leggings":1,"minecraft:blackstone":37,"minecraft:wooden_pickaxe":31,"minecraft:composter":6,"minecraft:cookie":1,"minecraft:glow_berries":1,"minecraft:sand":44,"minecraft:blast_furnace":1,"minecraft:deepslate_iron_ore":1,"minecraft:lectern":114,"minecraft:oak_pressure_plate":8,"minecraft:lilac":15,"minecraft:diamond_sword":570,"minecraft:fire_charge":11,"minecraft:smithing_table":2,"minecraft:oak_boat":23,"minecraft:oak_trapdoor":22,"minecraft:enchanting_table":1,"minecraft:stone_sword":133,"minecraft:trial_key":4,"minecraft:netherrack":1340,"minecraft:torch":173,"minecraft:dragon_egg":1,"minecraft:brewing_stand":5,"minecraft:ancient_debris":1,"minecraft:twisting_vines":7,"minecraft:cod_bucket":1,"minecraft:oak_fence_gate":1,"minecraft:chipped_anvil":1,"minecraft:iron_axe":84,"minecraft:barrel":10,"minecraft:smooth_basalt":4,"minecraft:diamond_chestplate":4,"minecraft:basalt":2,"minecraft:tripwire_hook":4,"minecraft:glowstone":1,"minecraft:trapped_chest":2,"minecraft:cobbled_deepslate":59,"minecraft:wheat_seeds":42,"minecraft:water_bucket":132,"minecraft:birch_planks":3,"minecraft:cauldron":1,"minecraft:fletching_table":4,"minecraft:gold_ore":4,"minecraft:polished_blackstone_bricks":18,"minecraft:diamond_block":1,"minecraft:comparator":1,"minecraft:oak_slab":376,"minecraft:tnt":28,"minecraft:crafting_table":20,"minecraft:campfire":12,"minecraft:white_bed":75,"minecraft:cake":1,"minecraft:amethyst_cluster":2,"minecraft:diamond_pickaxe":4642,"minecraft:wind_charge":1,"minecraft:oak_button":9,"minecraft:iron_pickaxe":236,"minecraft:suspicious_stew":2,"minecraft:leather_helmet":2,"minecraft:cobblestone":185,"minecraft:potion":10,"minecraft:cooked_porkchop":18,"minecraft:glass_pane":6,"minecraft:dandelion":1,"minecraft:jukebox":2,"minecraft:diamond_leggings":2,"minecraft:iron_shovel":250,"minecraft:oak_sign":8,"minecraft:shield":171,"minecraft:nether_wart":86,"minecraft:nether_bricks":4,"minecraft:carrot":198,"minecraft:waxed_copper_grate":7,"minecraft:axolotl_bucket":2,"minecraft:obsidian":11,"minecraft:honey_bottle":2,"minecraft:glass":31,"minecraft:lantern":12,"minecraft:item_frame":4,"minecraft:deepslate_diamond_ore":54,"minecraft:golden_sword":1,"minecraft:hay_block":4,"minecraft:diamond_boots":1,"minecraft:stone_pickaxe":131,"minecraft:oak_planks":504,"minecraft:ender_pearl":1,"minecraft:sugar_cane":83,"minecraft:diamond_axe":926,"minecraft:white_wool":2,"minecraft:crossbow":42,"minecraft:lingering_potion":2,"minecraft:end_stone":1,"minecraft:deepslate_lapis_ore":2,"minecraft:shears":41,"minecraft:waxed_chiseled_copper":1,"minecraft:lever":4,"minecraft:bread":81,"minecraft:string":15,"minecraft:iron_door":17,"minecraft:gravel":25,"minecraft:grindstone":2,"minecraft:andesite":58,"minecraft:experience_bottle":24,"minecraft:oak_fence":3,"minecraft:netherite_sword":153,"minecraft:rose_bush":26,"minecraft:flint_and_steel":1,"minecraft:stone_shovel":94,"minecraft:deepslate_gold_ore":4,"minecraft:stone_hoe":262,"minecraft:cooked_chicken":1,"minecraft:oak_door":15,"minecraft:dirt":179,"minecraft:white_carpet":15,"minecraft:hopper":9,"minecraft:diamond_helmet":1,"minecraft:golden_chestplate":3,"minecraft:granite":3,"minecraft:bookshelf":17,"minecraft:oak_stairs":34,"minecraft:golden_carrot":79,"minecraft:netherite_pickaxe":1124,"minecraft:cobblestone_stairs":6,"minecraft:glass_bottle":10,"minecraft:baked_potato":21,"minecraft:birch_boat":4,"minecraft:stonecutter":3,"minecraft:waxed_copper_block":13,"minecraft:painting":74,"minecraft:flower_pot":2,"minecraft:cracked_polished_blackstone_bricks":14,"minecraft:lapis_ore":4,"minecraft:stone_axe":414,"minecraft:fishing_rod":57,"minecraft:bucket":147,"minecraft:yellow_bed":2,"minecraft:splash_potion":3},"minecraft:dropped":{"minecraft:lapis_lazuli":1,"minecraft:glass_bottle":14,"minecraft:crafting_table":3,"minecraft:crossbow":3,"minecraft:weeping_vines":1,"minecraft:elytra":1,"minecraft:leather_helmet":1,"minecraft:emerald":52,"minecraft:dirt":13,"minecraft:gold_nugget":13,"minecraft:bolt_armor_trim_smithing_template":2,"minecraft:iron_pickaxe":3,"minecraft:fishing_rod":1,"minecraft:white_wool":3,"minecraft:bone":6,"minecraft:waxed_cut_copper_slab":2,"minecraft:stone_axe":2,"minecraft:iron_nugget":4,"minecraft:cobbled_deepslate":10,"minecraft:nether_brick":3,"minecraft:rotten_flesh":10,"minecraft:oak_planks":4,"minecraft:nether_brick_fence":1,"minecraft:white_bed":5,"minecraft:waxed_copper_block":9,"minecraft:leather_leggings":1,"minecraft:glass":1,"minecraft:crying_obsidian":3,"minecraft:iron_ingot":1,"minecraft:wheat_seeds":16,"minecraft:oak_fence":5,"minecraft:feather":1,"minecraft:cobblestone":56,"minecraft:book":3,"minecraft:granite":1,"minecraft:coal":23,"minecraft:chainmail_helmet":15,"minecraft:golden_apple":1,"minecraft:golden_carrot":1,"minecraft:ink_sac":4,"minecraft:diamond_helmet":2,"minecraft:potion":1,"minecraft:chainmail_leggings":12,"minecraft:paper":2,"minecraft:string":1048,"minecraft:furnace":1,"minecraft:moss_carpet":3,"minecraft:netherite_ingot":1,"minecraft:bowl":2,"minecraft:white_carpet":5,"minecraft:nether_bricks":1,"minecraft:oak_sign":3,"minecraft:deepslate_lapis_ore":7,"minecraft:suspicious_stew":5,"minecraft:diamond_sword":5,"minecraft:hay_block":1,"minecraft:stone":20,"minecraft:flower_pot":1,"minecraft:diamond_pickaxe":1,"minecraft:spider_eye":11,"minecraft:bow":22,"minecraft:soul_sand":23,"minecraft:diamond_axe":3,"minecraft:baked_potato":3,"minecraft:netherite_upgrade_smithing_template":2,"minecraft:flint":9,"minecraft:crimson_roots":7,"minecraft:gold_ingot":11,"minecraft:gravel":136,"minecraft:blackstone":53,"minecraft:honey_bottle":2,"minecraft:carrot":104,"minecraft:poppy":13,"minecraft:azalea":4,"minecraft:arrow":183,"minecraft:quartz":3,"minecraft:netherrack":2010,"minecraft:bread":58,"minecraft:stone_hoe":2,"minecraft:diamond_leggings":2,"minecraft:poisonous_potato":2,"minecraft:spectral_arrow":1,"minecraft:polished_tuff":4,"minecraft:stick":20,"minecraft:diorite":14,"minecraft:iron_leggings":7,"minecraft:iron_axe":17,"minecraft:bucket":2,"minecraft:dandelion":1,"minecraft:tuff_bricks":8,"minecraft:composter":1,"minecraft:shield":5,"minecraft:trial_key":16,"minecraft:diamond_chestplate":3,"minecraft:oak_boat":1,"minecraft:oak_sapling":1,"minecraft:golden_sword":1,"minecraft:waxed_chiseled_copper":1,"minecraft:diamond_boots":2,"minecraft:stone_pickaxe":10,"minecraft:raw_gold":11,"minecraft:amethyst_cluster":1},"minecraft:mined":{"minecraft:white_bed":12,"minecraft:obsidian":13,"minecraft:granite":29,"minecraft:acacia_log":7,"minecraft:oak_pressure_plate":7,"minecraft:chiseled_tuff_bricks":6,"minecraft:hopper":14,"minecraft:crimson_fungus":1,"minecraft:oak_wall_sign":6,"minecraft:nether_wart":83,"minecraft:spawner":4,"minecraft:polished_blackstone_bricks":56,"minecraft:weeping_vines_plant":1,"minecraft:tall_seagrass":12,"minecraft:magma_block":1,"minecraft:cobbled_deepslate":25,"minecraft:fire":149,"minecraft:barrel":5,"minecraft:moss_carpet":2,"minecraft:fletching_table":3,"minecraft:deepslate_lapis_ore":11,"minecraft:nether_brick_stairs":4,"minecraft:enchanting_table":1,"minecraft:twisting_vines":7,"minecraft:cave_vines":3,"minecraft:oak_sign":1,"minecraft:water_cauldron":7,"minecraft:dirt_path":13,"minecraft:oak_stairs":27,"minecraft:tripwire":7,"minecraft:brown_mushroom":20,"minecraft:kelp_plant":24,"minecraft:crimson_nylium":6,"minecraft:amethyst_cluster":39,"minecraft:powder_snow":11,"minecraft:torch":13,"minecraft:blast_furnace":1,"minecraft:glass":10,"minecraft:sugar_cane":334,"minecraft:amethyst_block":188,"minecraft:waxed_copper_bulb":1,"minecraft:wheat":92,"minecraft:lilac":15,"minecraft:jukebox":1,"minecraft:waxed_copper_block":30,"minecraft:warped_fungus":18,"minecraft:oak_fence_gate":1,"minecraft:smooth_basalt":7,"minecraft:stonecutter":3,"minecraft:deepslate":204,"minecraft:end_stone":2,"minecraft:nether_bricks":32,"minecraft:crimson_roots":16,"minecraft:moss_block":36,"minecraft:cartography_table":1,"minecraft:kelp":4,"minecraft:waxed_oxidized_cut_copper":2,"minecraft:waxed_copper_grate":9,"minecraft:andesite":184,"minecraft:big_dripleaf_stem":1,"minecraft:chiseled_tuff":1,"minecraft:potatoes":304,"minecraft:waxed_weathered_copper_bulb":1,"minecraft:white_wool":2,"minecraft:smithing_table":1,"minecraft:oak_slab":57,"minecraft:glass_pane":4,"minecraft:comparator":2,"minecraft:soul_sand":45,"minecraft:dandelion":1,"minecraft:cornflower":1,"minecraft:short_grass":524,"minecraft:warped_roots":1,"minecraft:campfire":12,"minecraft:tall_grass":85,"minecraft:copper_ore":23,"minecraft:deepslate_gold_ore":63,"minecraft:diorite":39,"minecraft:big_dripleaf":4,"minecraft:trapped_chest":2,"minecraft:cobblestone_wall":1,"minecraft:white_carpet":3,"minecraft:birch_leaves":10,"minecraft:gravel":78,"minecraft:cobweb":40,"minecraft:oak_button":3,"minecraft:chipped_anvil":1,"minecraft:gold_ore":19,"minecraft:waxed_cut_copper_slab":1,"minecraft:large_amethyst_bud":1,"minecraft:oak_sapling":5,"minecraft:cobblestone_stairs":2,"minecraft:brewing_stand":5,"minecraft:cave_vines_plant":2,"minecraft:grass_block":213,"minecraft:cracked_polished_blackstone_bricks":35,"minecraft:composter":7,"minecraft:tuff_bricks":47,"minecraft:smooth_stone":1,"minecraft:raw_iron_block":1,"minecraft:glowstone":1,"minecraft:iron_ore":97,"minecraft:polished_tuff":4,"minecraft:azalea":2,"minecraft:deepslate_redstone_ore":25,"minecraft:blackstone":59,"minecraft:twisting_vines_plant":11,"minecraft:medium_amethyst_bud":1,"minecraft:calcite":25,"minecraft:poppy":3,"minecraft:chest":5,"minecraft:nether_quartz_ore":55,"minecraft:cobblestone":1119,"minecraft:oak_planks":91,"minecraft:waxed_chiseled_copper":2,"minecraft:iron_door":17,"minecraft:wall_torch":21,"minecraft:cauldron":2,"minecraft:seagrass":1,"minecraft:nether_wart_block":2,"minecraft:birch_log":216,"minecraft:tnt":6,"minecraft:oak_log":685,"minecraft:beetroots":8,"minecraft:sand":116,"minecraft:dirt":456,"minecraft:tripwire_hook":1,"minecraft:netherrack":1998,"minecraft:ancient_debris":8,"minecraft:oak_leaves":59,"minecraft:nether_gold_ore":91,"minecraft:diamond_ore":4,"minecraft:tuff":32,"minecraft:deepslate_diamond_ore":131,"minecraft:oak_door":7,"minecraft:glow_lichen":1,"minecraft:decorated_pot":10,"minecraft:hay_block":133,"minecraft:spore_blossom":2,"minecraft:oak_trapdoor":13,"minecraft:furnace":3,"minecraft:carrots":136,"minecraft:peony":19,"minecraft:gold_block":10,"minecraft:nether_brick_fence":9,"minecraft:bookshelf":2,"minecraft:deepslate_iron_ore":57,"minecraft:lantern":1,"minecraft:stripped_oak_log":32,"minecraft:stone":1069,"minecraft:acacia_leaves":1,"minecraft:scaffolding":1,"minecraft:flowering_azalea":13,"minecraft:basalt":8,"minecraft:oak_fence":7,"minecraft:crafting_table":17,"minecraft:rose_bush":31,"minecraft:lectern":112,"minecraft:lapis_ore":20,"minecraft:polished_blackstone_brick_stairs":6,"minecraft:waxed_oxidized_copper_grate":1,"minecraft:yellow_bed":3,"minecraft:coal_ore":88,"minecraft:flower_pot":1},"minecraft:crafted":{"minecraft:chainmail_helmet":15,"minecraft:oak_sign":6,"minecraft:oak_pressure_plate":4,"minecraft:blaze_powder":16,"minecraft:birch_boat":1,"minecraft:bookshelf":10,"minecraft:glass":4,"minecraft:diamond_helmet":2,"minecraft:diamond_leggings":2,"minecraft:flower_pot":2,"minecraft:glass_bottle":9,"minecraft:emerald":2271,"minecraft:diamond_axe":5,"minecraft:acacia_slab":6,"minecraft:smithing_table":2,"minecraft:fletching_table":1,"minecraft:campfire":12,"minecraft:lectern":3,"minecraft:stone_slab":12,"minecraft:iron_pickaxe":1,"minecraft:gold_ingot":307,"minecraft:netherite_ingot":3,"minecraft:golden_carrot":108,"minecraft:stone_shovel":1,"minecraft:jukebox":1,"minecraft:experience_bottle":24,"minecraft:white_carpet":18,"minecraft:lantern":12,"minecraft:stone_pickaxe":11,"minecraft:diamond_boots":2,"minecraft:chainmail_leggings":12,"minecraft:wheat":369,"minecraft:crossbow":1,"minecraft:netherite_pickaxe":1,"minecraft:glowstone":5,"minecraft:enchanted_book":14,"minecraft:oak_stairs":12,"minecraft:iron_shovel":1,"minecraft:iron_leggings":8,"minecraft:white_bed":67,"minecraft:grindstone":2,"minecraft:oak_planks":1212,"minecraft:barrel":5,"minecraft:stone":7,"minecraft:suspicious_stew":7,"minecraft:hopper":4,"minecraft:bow":12,"minecraft:chest":10,"minecraft:oak_button":2,"minecraft:cod_bucket":1,"minecraft:netherite_upgrade_smithing_template":8,"minecraft:stone_hoe":3,"minecraft:oak_slab":330,"minecraft:item_frame":1,"minecraft:arrow":71,"minecraft:crafting_table":6,"minecraft:wooden_pickaxe":1,"minecraft:baked_potato":112,"minecraft:birch_planks":36,"minecraft:brewing_stand":2,"minecraft:book":37,"minecraft:paper":501,"minecraft:diamond_pickaxe":3,"minecraft:emerald_block":94,"minecraft:shield":3,"minecraft:stick":84,"minecraft:iron_ingot":183,"minecraft:stone_sword":1,"minecraft:shears":1,"minecraft:oak_door":12,"minecraft:cookie":144,"minecraft:redstone":20,"minecraft:fishing_rod":2,"minecraft:tripwire_hook":2,"minecraft:netherite_sword":1,"minecraft:furnace":4,"minecraft:oak_trapdoor":10,"minecraft:diamond_block":1,"minecraft:flint_and_steel":1,"minecraft:iron_axe":11,"minecraft:netherite_scrap":13,"minecraft:glistering_melon_slice":33,"minecraft:cooked_cod":12,"minecraft:diamond_sword":2,"minecraft:cooked_salmon":9,"minecraft:bucket":3,"minecraft:stone_axe":5,"minecraft:bread":122,"minecraft:air":0,"minecraft:oak_boat":2,"minecraft:white_wool":344,"minecraft:pumpkin_pie":40,"minecraft:acacia_planks":12,"minecraft:torch":96,"minecraft:lapis_lazuli":36,"minecraft:diamond_chestplate":2},"minecraft:killed_by":{"minecraft:zombie":1,"minecraft:cave_spider":1,"minecraft:enderman":1},"minecraft:broken":{"minecraft:golden_sword":1,"minecraft:leather_helmet":1,"minecraft:stone_sword":1,"minecraft:stone_hoe":1,"minecraft:wooden_pickaxe":1,"minecraft:iron_shovel":1,"minecraft:leather_leggings":1,"minecraft:stone_pickaxe":1,"minecraft:stone_axe":1},"minecraft:custom":{"minecraft:interact_with_crafting_table":151,"minecraft:open_barrel":24,"minecraft:leave_game":12,"minecraft:time_since_death":136409,"minecraft:damage_blocked_by_shield":4760,"minecraft:play_time":1001579,"minecraft:deaths":23,"minecraft:jump":12784,"minecraft:enchant_item":38,"minecraft:interact_with_furnace":127,"minecraft:play_record":17,"minecraft:traded_with_villager":1719,"minecraft:sleep_in_bed":56,"minecraft:damage_dealt":57686,"minecraft:use_cauldron":3,"minecraft:inspect_dispenser":5,"minecraft:interact_with_smithing_table":18,"minecraft:inspect_dropper":4,"minecraft:interact_with_anvil":20,"minecraft:inspect_hopper":6,"minecraft:sneak_time":68280,"minecraft:interact_with_blast_furnace":2,"minecraft:total_world_time":1001579,"minecraft:interact_with_stonecutter":3,"minecraft:time_since_rest":2334,"minecraft:swim_one_cm":112393,"minecraft:fly_one_cm":1997759,"minecraft:open_chest":930,"minecraft:fish_caught":22,"minecraft:fall_one_cm":379708,"minecraft:sprint_one_cm":2761024,"minecraft:drop":632,"minecraft:talked_to_villager":555,"minecraft:interact_with_brewingstand":49,"minecraft:walk_on_water_one_cm":161962,"minecraft:open_enderchest":10,"minecraft:interact_with_beacon":3,"minecraft:crouch_one_cm":180210,"minecraft:mob_kills":423,"minecraft:fill_cauldron":1,"minecraft:climb_one_cm":19805,"minecraft:walk_one_cm":3330657,"minecraft:walk_under_water_one_cm":79406,"minecraft:boat_one_cm":142766,"minecraft:pot_flower":2,"minecraft:interact_with_grindstone":36,"minecraft:damage_taken":14313,"minecraft:trigger_trapped_chest":26,"minecraft:minecart_one_cm":2451}},"DataVersion":3955}